3/9/1996 4:27,3/8/1996 20:07,84,39,93,102,-1.1,82,not a halo cme,3,TRUE,TRUE,Only 3 points,,
3/11/1996 18:22,3/11/1996 14:28,86,52,244,124,20.1,77,not a halo cme,3,TRUE,TRUE,Only 3 points,,
3/13/1996 2:42,3/12/1996 22:36,105,17,130,68,4,106,not a halo cme,5,TRUE,TRUE,,,
3/14/1996 9:38,3/14/1996 3:01,101,22,74,55,1.2,99,not a halo cme,6,TRUE,TRUE,,,
3/14/1996 11:44,3/14/1996 9:17,285,59,418,526,-8.9,292,not a halo cme,4,TRUE,TRUE,,,
3/15/1996 13:54,3/15/1996 11:01,101,26,222,200,4.7,101,not a halo cme,3,TRUE,TRUE,Only 3 points,,
3/16/1996 2:03,3/15/1996 16:07,262,27,65,26,3.8,267,not a halo cme,3,TRUE,FALSE,Only 3 points, Only C2,
3/18/1996 2:45,0000-00-00 00:00:00,94,22,----,----,------,92,not a halo cme,1,TRUE,FALSE,Only 1 points, Only C2, Unable to measure
3/18/1996 8:33,3/18/1996 2:49,276,25,158,137,1.2,280,not a halo cme,4,TRUE,TRUE,,,
3/18/1996 16:26,0000-00-00 00:00:00,257,32,----,----,------,263,not a halo cme,1,TRUE,FALSE,Only 1 points, Only C2, Unable to measure
4/3/1996 14:30,0000-00-00 00:00:00,257,36,----,----,------,255,not a halo cme,1,TRUE,FALSE,Only 1 points, Only C2, Unable to measure
4/7/1996 6:59,4/7/1996 5:37,258,42,324,170,9.2,269,not a halo cme,10,TRUE,TRUE,,,
4/8/1996 4:12,4/7/1996 20:54,258,15,124,157,-1.3,262,not a halo cme,4,TRUE,TRUE,,,
4/8/1996 7:53,4/8/1996 1:37,105,22,128,90,2,99,not a halo cme,4,TRUE,TRUE,,,
4/11/1996 11:17,4/11/1996 9:08,88,49,272,267,0.9,89,not a halo cme,5,TRUE,TRUE,,,
4/12/1996 4:45,4/11/1996 20:25,275,57,100,84,0.8,272,not a halo cme,4,TRUE,TRUE,,,
4/13/1996 4:02,4/12/1996 23:05,262,46,114,114,0,253,not a halo cme,6,TRUE,TRUE,,,
4/15/1996 3:00,4/14/1996 20:58,98,22,97,112,-1.4,96,not a halo cme,3,TRUE,FALSE,Only 3 points, Only C2,
4/15/1996 10:53,0000-00-00 00:00:00,282,17,----,----,------,275,not a halo cme,1,TRUE,FALSE,Only 1 points, Only C2, Unable to measure
4/29/1996 14:38,4/29/1996 4:27,Halo,360,65,----,------,149,halo cme,2,TRUE,FALSE,Faint, Only 2 points, Only C2
4/30/1996 13:43,4/30/1996 6:14,92,56,112,94,1,89,not a halo cme,5,TRUE,TRUE,,,
5/2/1996 23:07,5/2/1996 17:50,88,43,224,185,2.2,93,not a halo cme,4,TRUE,TRUE,,,
5/11/1996 8:31,5/11/1996 6:57,268,58,476,467,0.9,269,not a halo cme,5,TRUE,TRUE,,,
5/14/1996 2:57,5/14/1996 0:29,79,54,304,199,14.5,81,not a halo cme,3,TRUE,TRUE,Only 3 points,,
5/16/1996 15:16,5/16/1996 13:39,270,52,310,296,1.5,269,not a halo cme,4,TRUE,TRUE,,,
5/22/1996 6:48,5/22/1996 3:41,271,23,178,203,-6.4,273,not a halo cme,4,TRUE,FALSE,Only C2,,
5/25/1996 2:58,5/24/1996 22:19,254,30,190,131,8,265,not a halo cme,7,TRUE,TRUE,,,
6/6/1996 23:30,6/6/1996 21:29,274,53,414,378,2.2,271,not a halo cme,9,TRUE,TRUE,,,
6/16/1996 11:10,6/16/1996 8:45,87,61,237,193,6.2,83,not a halo cme,6,TRUE,TRUE,,,
6/17/1996 2:23,6/17/1996 0:29,85,55,304,349,-3.9,81,not a halo cme,6,TRUE,TRUE,,,
6/18/1996 3:25,6/17/1996 15:11,239,41,44,49,-0.4,244,not a halo cme,7,TRUE,FALSE,very faint, Only C2,
6/18/1996 17:28,6/18/1996 7:02,84,95,64,68,-0.4,79,not a halo cme,5,TRUE,FALSE,Only C2,,
6/19/1996 11:59,6/19/1996 9:19,90,57,214,267,-12.8,80,not a halo cme,4,TRUE,FALSE,Only C2,,
6/22/1996 0:39,6/21/1996 22:49,97,41,256,208,8.1,98,not a halo cme,4,TRUE,TRUE,,,
6/23/1996 23:39,6/23/1996 20:54,82,8,193,175,6.3,84,not a halo cme,3,TRUE,FALSE,Only 3 points, Only C2,
7/1/1996 13:50,7/1/1996 11:48,271,52,359,222,35.3,270,not a halo cme,3,TRUE,TRUE,Only 3 points,,
7/4/1996 19:41,7/4/1996 17:44,262,44,300,337,-3.3,270,not a halo cme,5,TRUE,TRUE,,,
7/5/1996 21:21,7/5/1996 17:54,264,47,177,177,0.1,268,not a halo cme,4,TRUE,TRUE,,,
7/7/1996 5:03,7/6/1996 17:47,245,34,65,67,-0.2,253,not a halo cme,3,TRUE,FALSE,Only 3 points, Only C2,
7/8/1996 6:28,7/8/1996 2:00,259,35,264,303,-2.7,258,not a halo cme,5,TRUE,TRUE,,,
7/10/1996 7:28,7/10/1996 4:33,254,35,227,243,-3.8,254,not a halo cme,4,TRUE,TRUE,,,
7/12/1996 2:14,7/11/1996 21:37,87,35,119,260,-51.1,84,not a halo cme,3,TRUE,FALSE,Only 3 points, Only C2,
7/12/1996 7:38,7/12/1996 5:57,265,34,435,527,-21.3,273,not a halo cme,4,TRUE,TRUE,,,
7/12/1996 15:37,7/12/1996 15:06,260,68,1085,1158,-24.1,269,not a halo cme,3,TRUE,TRUE,Only 3 points,,
7/13/1996 2:51,0000-00-00 00:00:00,201,6,----,----,------,205,not a halo cme,1,TRUE,FALSE,Only 1 points, Only C2,
7/14/1996 15:17,7/14/1996 14:09,267,50,660,664,-0.4,264,not a halo cme,5,TRUE,TRUE,,,
7/15/1996 10:46,7/15/1996 9:47,273,43,632,506,26.2,274,not a halo cme,3,TRUE,TRUE,Only 3 points,,
7/15/1996 22:26,7/15/1996 19:25,241,31,240,151,19,245,not a halo cme,3,TRUE,TRUE,Only 3 points,,
7/16/1996 2:19,7/16/1996 1:30,278,47,602,623,-1.9,269,not a halo cme,7,TRUE,TRUE,,,
7/16/1996 8:27,7/16/1996 5:59,228,17,230,244,-1.5,235,not a halo cme,6,TRUE,TRUE,,,
7/17/1996 5:20,7/17/1996 3:55,280,34,304,237,15,281,not a halo cme,5,TRUE,TRUE,,,
7/17/1996 12:10,7/17/1996 10:27,279,28,320,421,-21.5,273,not a halo cme,3,TRUE,TRUE,Only 3 points,,
7/17/1996 16:01,7/17/1996 12:38,94,47,310,290,1.7,94,not a halo cme,3,TRUE,TRUE,Only 3 points,,
7/20/1996 9:28,7/20/1996 9:29,31,175,246,56,9.4,34,partial halo cme,9,TRUE,TRUE,Partial Halo,,
7/28/1996 4:10,7/28/1996 13:43,267,56,126,0,6.1,265,not a halo cme,22,TRUE,TRUE,,,
7/28/1996 19:33,7/28/1996 14:55,123,28,145,91,8.9,122,not a halo cme,6,TRUE,FALSE,Only C2,,
7/29/1996 17:06,7/29/1996 12:00,268,53,190,----,------,266,not a halo cme,2,TRUE,FALSE,Only 2 points, Only C2,
8/1/1996 12:36,8/1/1996 11:26,274,35,499,451,7.4,270,not a halo cme,4,TRUE,TRUE,,,
8/1/1996 18:12,8/1/1996 13:56,210,82,118,94,4,229,not a halo cme,6,TRUE,FALSE,Only C2,,
8/3/1996 19:45,8/3/1996 12:23,231,26,71,59,0.5,240,not a halo cme,8,TRUE,TRUE,,,
8/7/1996 13:15,8/7/1996 11:07,242,27,----,----,------,249,not a halo cme,2,TRUE,FALSE,Only 2 points, Only C2, Unable to measure
8/10/1996 9:25,8/10/1996 5:18,68,68,148,133,1,65,not a halo cme,9,TRUE,TRUE,,,
8/10/1996 16:55,8/10/1996 16:07,290,42,413,244,17.5,285,not a halo cme,5,TRUE,TRUE,,,
8/13/1996 7:15,8/13/1996 4:56,259,92,298,332,-2.2,263,not a halo cme,4,TRUE,TRUE,,,
8/14/1996 7:26,8/14/1996 4:06,204,169,244,233,1.4,231,partial halo cme,3,TRUE,TRUE,Only 3 points, Partial Halo,
8/15/1996 21:00,8/15/1996 14:50,123,69,156,122,2.2,121,not a halo cme,6,TRUE,TRUE,,,
8/16/1996 14:14,8/16/1996 12:25,Halo,360,364,336,2,158,halo cme,4,TRUE,TRUE,,,
8/19/1996 11:18,8/19/1996 8:37,127,82,406,352,4.7,125,not a halo cme,8,TRUE,TRUE,,,
8/20/1996 2:00,8/19/1996 22:47,121,23,256,155,4.8,118,not a halo cme,7,TRUE,TRUE,,,
8/20/1996 11:10,8/20/1996 6:50,275,42,172,196,-1.2,284,not a halo cme,6,TRUE,TRUE,,,
9/2/1996 9:45,9/2/1996 8:24,66,13,571,666,-48.1,73,not a halo cme,3,TRUE,TRUE,Only 3 points,,
9/3/1996 6:25,9/2/1996 17:06,246,52,56,110,-15.5,247,not a halo cme,3,TRUE,FALSE,Only 3 points, Only C2,
9/3/1996 23:10,9/3/1996 20:49,86,31,260,----,------,86,not a halo cme,2,TRUE,FALSE,Only 2 points, Only C2,
9/4/1996 23:05,9/4/1996 19:48,243,13,255,278,-3.8,248,not a halo cme,3,TRUE,TRUE,Only 3 points,,
9/9/1996 1:50,9/8/1996 19:55,246,63,146,167,-2,233,not a halo cme,5,TRUE,TRUE,,,
9/9/1996 7:10,9/9/1996 5:16,285,61,245,95,6.8,292,not a halo cme,15,TRUE,TRUE,,,
9/17/1996 11:10,9/17/1996 9:22,266,27,410,----,------,265,not a halo cme,2,TRUE,FALSE,Only 2 points, Only C2,
9/17/1996 20:50,9/17/1996 12:46,269,15,71,----,------,271,not a halo cme,2,TRUE,FALSE,Only 2 points, Only C2,
9/18/1996 0:10,9/17/1996 21:32,285,59,191,181,0.6,298,not a halo cme,8,TRUE,TRUE,,,
9/19/1996 6:20,9/18/1996 23:12,248,28,120,203,-17,247,not a halo cme,3,TRUE,FALSE,Only 3 points, Only C2,
9/20/1996 4:35,9/20/1996 2:58,244,19,128,0,9.9,252,not a halo cme,13,TRUE,TRUE,,,
9/20/1996 18:50,9/20/1996 18:47,75,33,274,145,4.4,72,not a halo cme,14,TRUE,TRUE,,,
9/22/1996 2:01,9/21/1996 21:45,70,32,188,151,2.7,71,not a halo cme,6,TRUE,TRUE,,,
9/27/1996 11:42,9/27/1996 10:07,277,17,276,99,16.1,272,not a halo cme,6,TRUE,TRUE,,,
9/29/1996 7:09,9/29/1996 3:52,313,32,164,92,5.9,304,not a halo cme,9,TRUE,TRUE,,,
10/1/1996 0:20,9/30/1996 22:04,258,52,320,289,2.9,254,not a halo cme,6,TRUE,TRUE,,,
10/5/1996 9:37,10/5/1996 9:51,266,161,569,412,16.8,312,partial halo cme,10,TRUE,TRUE,Partial Halo,,
10/8/1996 14:10,10/8/1996 10:59,229,21,154,181,-4.3,231,not a halo cme,5,TRUE,TRUE,,,
10/9/1996 0:25,10/8/1996 22:23,221,13,299,286,2.7,227,not a halo cme,3,TRUE,TRUE,Only 3 points,,
10/11/1996 2:50,10/10/1996 23:15,111,45,209,148,7,108,not a halo cme,5,TRUE,TRUE,,,
10/14/1996 15:15,10/14/1996 12:14,268,37,195,65,37.3,270,not a halo cme,3,TRUE,FALSE,Only 3 points, Only C2,
10/19/1996 12:45,10/19/1996 2:39,120,25,71,74,-0.3,118,not a halo cme,6,TRUE,TRUE,Not LE,,
10/19/1996 17:17,10/19/1996 16:23,159,170,480,369,9.4,124,partial halo cme,8,TRUE,TRUE,Partial Halo,,
10/20/1996 9:01,10/20/1996 1:14,68,31,74,----,------,61,not a halo cme,2,TRUE,FALSE,Only 2 points, Only C2,
10/20/1996 13:19,10/20/1996 10:47,300,35,254,237,2.7,295,not a halo cme,4,TRUE,TRUE,,,
10/24/1996 2:35,10/23/1996 22:07,41,34,176,143,3.4,54,not a halo cme,7,TRUE,TRUE,,,
10/26/1996 20:19,10/26/1996 11:46,308,42,64,46,2,312,not a halo cme,7,TRUE,FALSE,Only C2,,
10/27/1996 13:57,10/27/1996 4:38,295,17,76,76,0,299,not a halo cme,11,TRUE,TRUE,,,
10/28/1996 20:29,10/28/1996 18:11,279,42,206,0,11,293,not a halo cme,14,TRUE,TRUE,,,
10/30/1996 5:40,10/30/1996 4:39,247,25,582,565,2.6,253,not a halo cme,5,TRUE,TRUE,,,
10/30/1996 7:11,10/30/1996 4:04,87,40,217,160,8.2,91,not a halo cme,5,TRUE,TRUE,,,
10/31/1996 6:25,10/31/1996 6:15,256,16,455,587,-21.7,260,not a halo cme,5,TRUE,TRUE,,,
11/1/1996 3:21,11/1/1996 1:40,257,7,357,449,-34.9,261,not a halo cme,3,TRUE,FALSE,Only 3 points, Only C2,
11/3/1996 13:11,11/3/1996 9:21,279,47,185,191,-1.8,270,not a halo cme,4,TRUE,TRUE,,,
11/4/1996 2:35,11/4/1996 0:43,266,17,524,532,-2.4,271,not a halo cme,4,TRUE,TRUE,,,
11/4/1996 17:52,11/4/1996 12:04,104,41,90,74,1.2,114,not a halo cme,11,TRUE,FALSE,Only C2,,
11/4/1996 22:15,11/4/1996 20:57,260,20,573,408,41.7,269,not a halo cme,5,TRUE,TRUE,,,
11/5/1996 2:35,11/4/1996 21:37,274,63,108,124,-2.6,276,not a halo cme,6,TRUE,FALSE,Only C2,,
11/6/1996 6:05,11/6/1996 4:03,100,43,347,478,-16.8,89,not a halo cme,6,TRUE,TRUE,,,
11/7/1996 7:25,11/6/1996 21:08,113,36,97,94,0.6,106,not a halo cme,5,TRUE,TRUE,,,
11/7/1996 23:20,11/7/1996 22:41,Halo,360,497,366,8.7,114,halo cme,11,TRUE,TRUE,,,
11/8/1996 14:42,11/8/1996 7:16,288,70,87,43,3,285,not a halo cme,8,TRUE,TRUE,,,
11/9/1996 0:05,11/8/1996 19:12,355,169,157,135,3.1,281,partial halo cme,5,TRUE,TRUE,Partial Halo,,
11/13/1996 14:21,0000-00-00 00:00:00,330,4,----,----,------,327,not a halo cme,1,TRUE,FALSE,Only 1 points, Only C2,
11/15/1996 1:31,11/14/1996 22:38,76,33,217,145,6.3,75,not a halo cme,6,TRUE,TRUE,,,
11/19/1996 16:45,11/19/1996 13:22,250,68,213,197,2.2,263,not a halo cme,4,TRUE,TRUE,,,
11/25/1996 0:40,11/24/1996 21:04,261,63,258,266,-0.6,256,not a halo cme,7,TRUE,TRUE,,,
11/26/1996 6:00,11/26/1996 3:51,268,72,313,198,13.2,290,not a halo cme,6,TRUE,TRUE,,,
11/26/1996 15:35,11/26/1996 5:08,87,41,90,----,------,85,not a halo cme,2,TRUE,FALSE,Only 2 points, Only C2,
11/26/1996 21:35,11/26/1996 21:40,270,78,548,305,38.1,283,not a halo cme,5,TRUE,TRUE,,,
11/27/1996 21:28,11/27/1996 20:03,271,39,379,246,11.1,277,not a halo cme,9,TRUE,TRUE,,,
11/28/1996 11:02,11/28/1996 8:25,277,27,294,209,9.6,276,not a halo cme,6,TRUE,TRUE,,,
11/28/1996 16:50,11/28/1996 15:59,267,101,984,817,27.5,267,not a halo cme,5,TRUE,TRUE,,,
11/29/1996 1:40,11/28/1996 23:15,261,10,300,248,7.6,267,not a halo cme,6,TRUE,TRUE,,,
11/30/1996 21:50,11/30/1996 21:33,267,78,477,345,8.5,270,not a halo cme,8,TRUE,TRUE,,,
12/2/1996 2:39,12/2/1996 1:10,285,10,431,----,------,280,not a halo cme,2,TRUE,TRUE,Only 2 points,,
12/2/1996 15:35,12/2/1996 14:44,Halo,360,538,641,-8.8,253,halo cme,7,TRUE,TRUE,,,
12/2/1996 21:45,12/2/1996 19:52,95,38,293,261,4.7,95,not a halo cme,4,TRUE,TRUE,,,
12/5/1996 14:02,12/5/1996 6:23,100,60,104,83,4.9,99,not a halo cme,3,TRUE,FALSE,Only 3 points, Only C2,
12/6/1996 14:50,12/6/1996 12:05,275,51,367,423,-3.6,274,not a halo cme,10,TRUE,TRUE,,,
12/7/1996 2:30,12/7/1996 0:16,83,44,197,160,1.8,90,not a halo cme,11,TRUE,TRUE,,,
12/7/1996 9:30,12/7/1996 6:33,260,9,286,402,-17,269,not a halo cme,4,TRUE,TRUE,,,
12/8/1996 10:30,12/8/1996 8:15,107,19,282,380,-12.6,99,not a halo cme,4,TRUE,TRUE,,,
12/9/1996 6:30,12/9/1996 0:48,273,54,158,216,-7.9,279,not a halo cme,3,TRUE,TRUE,Only 3 points,,
12/9/1996 20:11,12/9/1996 3:37,272,52,37,31,0.3,280,not a halo cme,11,TRUE,FALSE,Not LE, Only C2,
12/10/1996 14:30,12/10/1996 11:00,87,125,211,213,-0.1,86,partial halo cme,6,TRUE,TRUE,Partial Halo,,
12/12/1996 14:30,12/12/1996 9:36,94,46,206,139,5.5,81,not a halo cme,3,TRUE,TRUE,Only 3 points,,
12/15/1996 9:30,12/15/1996 6:55,69,37,224,164,4.8,72,not a halo cme,7,TRUE,TRUE,,,
12/16/1996 3:30,12/16/1996 0:27,77,47,236,134,7,73,not a halo cme,7,TRUE,TRUE,,,
12/16/1996 18:35,12/16/1996 14:21,85,33,208,188,1.6,82,not a halo cme,4,TRUE,TRUE,,,
12/17/1996 22:30,12/17/1996 18:29,130,42,168,----,------,126,not a halo cme,2,TRUE,FALSE,Only 2 points, Only C2,
12/18/1996 11:30,12/18/1996 8:09,255,16,237,166,7.8,256,not a halo cme,5,TRUE,TRUE,,,
12/19/1996 16:30,12/19/1996 15:08,269,130,469,----,------,265,partial halo cme,2,TRUE,FALSE,Only 2 points, Only C2, Partial Halo
12/20/1996 19:30,12/20/1996 16:42,257,32,291,372,-10.6,266,not a halo cme,4,TRUE,TRUE,,,
12/21/1996 21:30,12/21/1996 21:09,272,72,347,131,11.4,254,not a halo cme,14,TRUE,TRUE,,,
12/22/1996 19:33,12/22/1996 17:00,256,47,257,161,13.7,264,not a halo cme,6,TRUE,TRUE,,,
12/23/1996 21:16,12/23/1996 19:45,255,58,354,305,4.6,253,not a halo cme,9,TRUE,TRUE,,,
12/24/1996 13:28,12/24/1996 11:56,265,69,325,335,-1.1,266,not a halo cme,8,TRUE,TRUE,,,
12/26/1996 10:51,12/26/1996 9:11,271,49,262,223,3.1,266,not a halo cme,9,TRUE,TRUE,,,
12/27/1996 7:04,12/27/1996 4:39,269,35,211,204,4.6,267,not a halo cme,3,TRUE,FALSE,Only 3 points, Only C2,
12/27/1996 8:44,12/27/1996 7:55,270,63,269,161,6.8,275,not a halo cme,17,TRUE,TRUE,,,
12/31/1996 22:30,12/31/1996 18:55,270,5,146,124,4.1,274,not a halo cme,3,TRUE,TRUE,Only 3 points,,
1/2/1997 19:00,1/2/1997 14:39,92,55,208,187,2.4,103,not a halo cme,5,TRUE,TRUE,,,
1/3/1997 10:30,1/3/1997 2:51,268,19,68,62,0.8,274,not a halo cme,4,TRUE,FALSE,Only C2,,
1/3/1997 13:30,1/3/1997 10:31,84,16,311,248,4.8,85,not a halo cme,3,TRUE,TRUE,Only 3 points,,
1/5/1997 5:50,1/5/1997 0:52,89,52,212,234,-6.9,86,not a halo cme,4,TRUE,TRUE,,,
1/6/1997 15:10,1/6/1997 13:20,Halo,360,136,51,4.1,180,halo cme,13,TRUE,TRUE,,,
1/10/1997 10:04,1/10/1997 8:10,85,57,325,350,-1.5,93,not a halo cme,10,TRUE,TRUE,,,
1/12/1997 12:30,1/12/1997 8:13,71,40,123,116,1.3,69,not a halo cme,4,TRUE,FALSE,Only C2,,
1/12/1997 23:31,1/12/1997 18:54,65,51,176,184,-1,71,not a halo cme,4,TRUE,TRUE,,,
1/16/1997 3:11,1/15/1997 18:34,86,17,68,0,1.9,85,not a halo cme,7,TRUE,TRUE,,,
1/16/1997 16:50,1/16/1997 13:34,256,26,218,128,13.9,262,not a halo cme,5,TRUE,TRUE,,,
1/18/1997 2:30,1/18/1997 1:56,244,116,254,176,3.7,248,not a halo cme,12,TRUE,TRUE,,,
1/19/1997 16:30,1/19/1997 0:44,286,44,33,0,0.8,286,not a halo cme,18,TRUE,FALSE,Only C2,,
1/20/1997 9:31,1/20/1997 5:31,281,72,175,237,-3.3,285,not a halo cme,7,TRUE,TRUE,,,
1/21/1997 6:30,1/21/1997 5:24,275,32,353,0,24.1,281,not a halo cme,8,TRUE,TRUE,,,
1/22/1997 13:30,1/22/1997 12:55,121,94,224,122,6.2,126,not a halo cme,6,TRUE,TRUE,,,
1/23/1997 7:30,1/23/1997 3:41,107,19,152,142,0.6,112,not a halo cme,7,TRUE,TRUE,,,
1/24/1997 4:30,1/23/1997 23:48,85,42,113,136,-2.1,88,not a halo cme,7,TRUE,TRUE,,,
2/1/1997 1:37,1/31/1997 23:19,95,59,218,182,4.1,96,not a halo cme,5,TRUE,TRUE,,,
2/2/1997 5:50,2/2/1997 3:07,102,47,221,287,-8.3,108,not a halo cme,5,TRUE,TRUE,,,
2/2/1997 10:30,2/2/1997 4:52,279,36,168,165,0.2,273,not a halo cme,4,TRUE,TRUE,,,
2/4/1997 18:10,2/4/1997 16:20,93,59,340,225,15,97,not a halo cme,5,TRUE,TRUE,,,
2/5/1997 3:30,2/4/1997 22:56,228,58,108,115,-0.7,234,not a halo cme,8,TRUE,FALSE,Only C2,,
2/7/1997 0:30,2/7/1997 0:45,Halo,360,490,270,14.3,266,halo cme,7,TRUE,TRUE,,,
2/8/1997 9:30,2/8/1997 7:37,258,10,206,61,18,262,not a halo cme,7,TRUE,TRUE,,,
2/8/1997 18:30,2/8/1997 13:17,289,8,158,270,-26.7,281,not a halo cme,3,TRUE,TRUE,Only 3 points,,
2/8/1997 18:30,2/8/1997 13:17,325,2,379,248,18.2,320,not a halo cme,3,TRUE,TRUE,,,
2/8/1997 21:30,2/8/1997 17:58,259,18,177,128,3.9,261,not a halo cme,7,TRUE,TRUE,,,
2/8/1997 23:30,0000-00-00 00:00:00,325,2,----,----,------,322,not a halo cme,1,TRUE,FALSE,Only 1 points, Only C2, Unable to measure
2/12/1997 7:30,2/12/1997 5:44,297,39,208,125,4.5,292,not a halo cme,13,TRUE,TRUE,,,
2/20/1997 2:30,2/19/1997 22:09,303,43,132,125,0.9,305,not a halo cme,9,TRUE,FALSE,Only C2,,
2/22/1997 23:30,2/22/1997 21:26,234,134,290,367,-3.8,271,partial halo cme,10,TRUE,TRUE,Partial Halo,,
2/23/1997 2:55,2/23/1997 2:21,82,90,905,933,-4.3,63,not a halo cme,6,TRUE,TRUE,,,
2/24/1997 11:30,2/24/1997 4:38,267,66,123,107,0.9,263,not a halo cme,8,TRUE,TRUE,,,
2/25/1997 10:30,2/25/1997 4:51,103,29,128,179,-5.1,106,not a halo cme,7,TRUE,TRUE,,,
2/26/1997 5:51,2/26/1997 1:15,275,25,170,126,5.1,283,not a halo cme,4,TRUE,TRUE,,,
2/26/1997 10:30,2/26/1997 4:28,48,28,118,93,1.8,50,not a halo cme,8,TRUE,TRUE,,,
3/3/1997 7:35,3/3/1997 4:21,90,58,240,10,101.9,78,not a halo cme,3,TRUE,FALSE,Only 3 points, Only C2,
3/5/1997 22:30,3/5/1997 21:19,313,20,460,485,-7.3,301,not a halo cme,3,TRUE,TRUE,Only 3 points,,
3/6/1997 1:36,3/5/1997 23:13,104,27,301,422,-21.4,101,not a halo cme,4,TRUE,TRUE,,,
3/9/1997 4:30,3/9/1997 4:18,54,146,517,394,8.4,69,partial halo cme,10,TRUE,TRUE,Partial Halo,,
3/11/1997 11:30,3/11/1997 7:07,10,5,125,68,3.6,12,not a halo cme,9,TRUE,TRUE,,,
3/12/1997 12:30,3/12/1997 10:23,260,47,290,314,-1.3,273,not a halo cme,7,TRUE,TRUE,,,
3/17/1997 2:30,3/17/1997 2:06,254,118,443,288,9.3,255,not a halo cme,11,TRUE,TRUE,,,
3/23/1997 15:04,3/22/1997 22:44,268,44,31,27,0.2,269,not a halo cme,9,TRUE,FALSE,Only C2,,
3/24/1997 7:37,3/24/1997 3:56,232,162,140,104,5.2,254,partial halo cme,4,TRUE,TRUE,Partial Halo,,
3/25/1997 22:45,3/25/1997 17:56,87,45,----,----,------,88,not a halo cme,2,TRUE,TRUE,Only 2 points, Unable to measure,
3/26/1997 0:30,3/25/1997 20:38,94,52,173,197,-4.3,84,not a halo cme,3,TRUE,TRUE,Only 3 points,,
3/27/1997 15:05,3/27/1997 5:11,271,70,83,59,3.4,293,not a halo cme,5,TRUE,FALSE,Only C2,,
3/28/1997 18:17,3/28/1997 13:32,112,56,146,152,-0.7,105,not a halo cme,5,TRUE,TRUE,,,
3/31/1997 5:30,3/31/1997 2:14,274,56,225,241,-1.3,266,not a halo cme,4,TRUE,TRUE,,,
4/1/1997 6:22,4/1/1997 4:11,79,68,267,307,-4.8,83,not a halo cme,7,TRUE,TRUE,,,
4/1/1997 15:18,4/1/1997 13:02,74,79,312,331,-2.2,73,not a halo cme,7,TRUE,TRUE,,,
4/2/1997 7:17,4/2/1997 5:18,75,82,367,318,31,84,not a halo cme,3,TRUE,FALSE,Only 3 points, Only C2,
4/4/1997 5:09,4/4/1997 5:25,280,72,185,96,3.1,285,not a halo cme,26,TRUE,TRUE,,,
4/4/1997 18:57,4/4/1997 16:33,95,41,206,211,-0.7,90,not a halo cme,8,TRUE,TRUE,,,
4/7/1997 6:26,4/7/1997 3:05,320,>143,145,146,-0.1,319,partial halo cme,13,TRUE,TRUE,Partial Halo,,
4/7/1997 14:27,4/7/1997 13:55,Halo,360,878,850,3.3,123,halo cme,8,TRUE,TRUE,,,
4/9/1997 12:06,4/9/1997 10:59,277,63,485,451,3.2,263,not a halo cme,9,TRUE,TRUE,,,
4/11/1997 2:06,4/10/1997 20:44,96,41,155,166,-1.2,99,not a halo cme,5,TRUE,TRUE,,,
4/13/1997 23:54,4/13/1997 22:54,258,43,598,366,84.3,252,not a halo cme,4,TRUE,TRUE,,,
4/14/1997 17:14,4/14/1997 15:39,256,33,399,459,-6.8,255,not a halo cme,4,TRUE,TRUE,,,
4/14/1997 19:55,4/14/1997 19:59,275,74,658,676,-10.7,250,not a halo cme,4,TRUE,TRUE,,,
4/16/1997 1:34,4/15/1997 23:51,256,41,325,313,0.9,264,not a halo cme,9,TRUE,TRUE,,,
4/16/1997 7:35,4/16/1997 4:32,103,113,87,0,4.6,89,not a halo cme,16,TRUE,TRUE,,,
4/20/1997 19:45,4/20/1997 17:26,272,48,303,188,14.9,274,not a halo cme,5,TRUE,TRUE,,,
4/22/1997 22:57,4/22/1997 19:30,63,33,176,170,0.7,75,not a halo cme,4,TRUE,TRUE,,,
4/23/1997 5:30,4/23/1997 4:04,76,45,634,598,3,71,not a halo cme,8,TRUE,TRUE,,,
4/27/1997 0:31,4/26/1997 22:43,250,187,399,425,-2.4,267,partial halo cme,8,TRUE,TRUE,Partial Halo,,
4/27/1997 10:26,4/27/1997 7:35,Halo,360,280,288,-0.5,268,halo cme,10,TRUE,TRUE,,,
4/27/1997 14:59,4/27/1997 12:14,Halo,360,255,324,-4.9,270,halo cme,9,TRUE,TRUE,,,
4/30/1997 4:50,4/30/1997 3:00,84,71,286,280,0.4,81,not a halo cme,11,TRUE,TRUE,,,
5/1/1997 0:43,4/30/1997 18:46,278,22,156,159,-0.3,272,not a halo cme,4,TRUE,TRUE,,,
5/1/1997 3:54,5/1/1997 2:19,81,71,205,121,4.3,90,not a halo cme,13,TRUE,TRUE,,,
5/2/1997 0:40,5/1/1997 23:16,75,97,343,309,3,88,not a halo cme,5,TRUE,TRUE,,,
5/2/1997 4:50,5/2/1997 2:05,262,60,211,199,1,260,not a halo cme,5,TRUE,TRUE,,,
5/4/1997 22:57,5/4/1997 20:26,88,51,202,232,-5.4,89,not a halo cme,5,TRUE,TRUE,,,
5/5/1997 6:30,5/5/1997 6:19,87,55,395,16,22.5,84,not a halo cme,12,TRUE,TRUE,,,
5/7/1997 10:26,5/7/1997 7:19,269,56,234,243,-1.9,270,not a halo cme,4,TRUE,TRUE,,,
5/11/1997 20:25,5/11/1997 16:46,292,8,245,260,-0.8,281,not a halo cme,10,TRUE,TRUE,,,
5/12/1997 5:30,5/12/1997 3:51,Halo,360,464,580,-15,264,halo cme,6,TRUE,TRUE,,,
5/15/1997 20:31,5/15/1997 16:21,270,40,146,132,1,267,not a halo cme,4,TRUE,TRUE,,,
5/16/1997 0:22,5/15/1997 18:57,280,15,129,76,4.8,274,not a halo cme,6,TRUE,TRUE,,,
5/16/1997 12:45,5/16/1997 12:16,276,49,554,535,1.5,289,not a halo cme,10,TRUE,TRUE,,,
5/17/1997 2:41,5/17/1997 0:35,94,51,331,420,-16.5,92,not a halo cme,3,TRUE,TRUE,Only 3 points,,
5/17/1997 11:22,5/17/1997 9:07,93,44,312,338,-1.8,82,not a halo cme,8,TRUE,TRUE,,,
5/17/1997 20:30,5/17/1997 17:40,94,43,280,264,0.8,91,not a halo cme,12,TRUE,TRUE,,,
5/18/1997 23:13,5/19/1997 0:57,88,32,353,92,17.6,88,not a halo cme,8,TRUE,TRUE,,,
5/21/1997 1:30,5/20/1997 22:08,90,40,292,156,11,85,not a halo cme,5,TRUE,TRUE,,,
5/21/1997 4:19,5/20/1997 15:16,269,50,39,22,0.7,274,not a halo cme,20,TRUE,FALSE,Only C2,,
5/21/1997 21:00,5/21/1997 19:21,263,165,296,271,1.4,267,partial halo cme,8,TRUE,TRUE,Partial Halo,,
5/22/1997 19:30,5/22/1997 18:56,102,66,346,298,7.5,98,not a halo cme,6,TRUE,TRUE,,,
5/24/1997 13:31,5/24/1997 8:29,106,58,192,242,-10.1,102,not a halo cme,3,TRUE,TRUE,Only 3 points,,
5/25/1997 14:48,5/25/1997 14:05,93,82,684,709,-2.4,92,not a halo cme,5,TRUE,TRUE,,,
5/26/1997 1:30,5/25/1997 23:46,87,50,361,293,4.6,88,not a halo cme,8,TRUE,TRUE,,,
5/26/1997 2:45,5/26/1997 0:52,270,41,323,262,4.5,265,not a halo cme,8,TRUE,TRUE,,,
5/26/1997 20:22,5/26/1997 18:31,89,52,307,348,-4.4,81,not a halo cme,7,TRUE,TRUE,,,
5/27/1997 10:15,5/27/1997 9:15,271,47,429,409,1.6,266,not a halo cme,9,TRUE,TRUE,,,
5/27/1997 13:31,5/27/1997 11:16,82,47,333,358,-1.5,87,not a halo cme,7,TRUE,TRUE,,,
5/29/1997 1:30,5/28/1997 23:40,92,58,272,291,-2.9,75,not a halo cme,5,TRUE,TRUE,,,
5/29/1997 18:44,5/29/1997 16:37,286,12,304,367,-7.1,277,not a halo cme,3,TRUE,TRUE,Only 3 points,,
5/30/1997 22:00,5/30/1997 19:44,90,43,247,95,21.7,88,not a halo cme,3,TRUE,TRUE,Only 3 points,,
5/31/1997 18:38,5/31/1997 17:58,280,51,249,0,10.4,275,not a halo cme,15,TRUE,TRUE,,,
6/1/1997 7:30,6/1/1997 5:55,84,75,342,323,1.6,91,not a halo cme,7,TRUE,TRUE,,,
6/3/1997 21:01,6/3/1997 18:30,89,42,258,220,9.4,90,not a halo cme,4,TRUE,TRUE,,,
6/5/1997 22:55,6/5/1997 20:58,275,62,320,336,-1.6,285,not a halo cme,7,TRUE,TRUE,,,
6/6/1997 23:30,6/6/1997 20:41,74,14,241,144,22.3,83,not a halo cme,3,TRUE,TRUE,Only 3 points,,
6/7/1997 23:31,6/7/1997 18:03,90,44,220,279,-8.8,85,not a halo cme,4,TRUE,TRUE,,,
6/8/1997 3:30,6/8/1997 1:20,262,59,363,460,-11.8,278,not a halo cme,5,TRUE,TRUE,,,
6/8/1997 15:50,6/8/1997 13:36,88,44,206,108,33.4,90,not a halo cme,3,TRUE,FALSE,Only 3 points, Only C2,
6/9/1997 20:30,6/9/1997 19:24,285,16,509,592,-10.9,277,not a halo cme,6,TRUE,TRUE,,,
6/10/1997 3:20,6/9/1997 23:53,276,10,218,218,-0.1,271,not a halo cme,6,TRUE,TRUE,,,
6/10/1997 7:30,6/9/1997 23:36,287,8,142,----,------,280,not a halo cme,2,TRUE,TRUE,Only 2 points,,
6/10/1997 17:49,6/10/1997 16:19,94,31,340,----,------,92,not a halo cme,2,TRUE,FALSE,Only 2 points, Only C2,
6/11/1997 1:30,6/10/1997 20:50,288,37,172,186,-0.9,287,not a halo cme,8,TRUE,TRUE,,,
6/11/1997 12:48,6/11/1997 4:35,93,53,94,98,-0.4,93,not a halo cme,4,TRUE,TRUE,,,
6/16/1997 20:31,6/16/1997 20:20,277,54,215,72,4,272,not a halo cme,18,TRUE,TRUE,,,
6/17/1997 4:30,6/17/1997 0:50,69,79,185,157,3.2,63,not a halo cme,5,TRUE,TRUE,,,
6/18/1997 4:30,6/18/1997 2:28,267,60,370,417,-3.1,266,not a halo cme,7,TRUE,TRUE,,,
6/18/1997 23:31,6/18/1997 21:22,79,129,141,102,1.7,80,partial halo cme,13,TRUE,TRUE,Partial Halo,,
6/20/1997 7:30,6/20/1997 5:09,86,52,334,342,-1.4,96,not a halo cme,4,TRUE,TRUE,,,
6/21/1997 13:30,6/21/1997 11:00,264,38,197,132,23.1,266,not a halo cme,4,TRUE,FALSE,Only C2,,
6/22/1997 8:28,6/22/1997 1:50,87,71,96,96,0,82,not a halo cme,7,TRUE,TRUE,,,
6/23/1997 7:30,6/23/1997 5:37,106,47,227,215,0.5,86,not a halo cme,11,TRUE,TRUE,,,
6/24/1997 10:30,6/24/1997 8:19,288,32,339,355,-1.8,279,not a halo cme,4,TRUE,TRUE,,,
6/27/1997 1:30,6/26/1997 22:23,279,21,188,175,1.5,276,not a halo cme,4,TRUE,TRUE,,,
6/27/1997 6:10,6/27/1997 3:52,92,29,323,304,2.4,90,not a halo cme,4,TRUE,TRUE,,,
6/27/1997 16:02,6/27/1997 12:21,267,19,170,194,-2,269,not a halo cme,4,TRUE,TRUE,,,
6/29/1997 8:28,6/28/1997 23:39,92,65,110,105,0.5,78,not a halo cme,5,TRUE,TRUE,,,
6/29/1997 14:28,6/29/1997 11:59,275,30,220,152,22.1,269,not a halo cme,4,TRUE,FALSE,Only C2,,
6/29/1997 16:05,6/29/1997 13:35,43,89,217,192,1.2,51,not a halo cme,10,TRUE,TRUE,,,
6/30/1997 0:30,6/29/1997 22:35,274,60,346,352,-0.4,279,not a halo cme,8,TRUE,TRUE,,,
7/1/1997 17:30,7/1/1997 15:49,255,23,544,749,-29.1,261,not a halo cme,5,TRUE,TRUE,,,
7/4/1997 3:22,7/4/1997 0:07,281,36,154,139,2.6,279,not a halo cme,6,TRUE,FALSE,Only C2,,
7/5/1997 10:13,7/5/1997 8:26,294,22,426,429,-0.6,282,not a halo cme,5,TRUE,TRUE,,,
7/5/1997 16:35,7/5/1997 11:05,285,19,134,180,-5.1,280,not a halo cme,4,TRUE,TRUE,,,
7/5/1997 22:23,7/5/1997 20:00,265,41,302,323,-1.3,268,not a halo cme,9,TRUE,TRUE,,,
7/6/1997 4:30,7/5/1997 23:31,102,39,154,142,1.2,96,not a halo cme,5,TRUE,TRUE,,,
7/6/1997 13:30,7/6/1997 9:43,286,51,153,169,-0.8,285,not a halo cme,9,TRUE,TRUE,,,
7/8/1997 16:09,7/8/1997 11:53,279,54,159,179,-1.4,269,not a halo cme,7,TRUE,TRUE,,,
7/10/1997 17:26,7/10/1997 9:24,256,30,91,105,-1.8,263,not a halo cme,6,TRUE,TRUE,,,
7/11/1997 1:30,7/10/1997 22:46,77,72,216,197,1.7,74,not a halo cme,8,TRUE,TRUE,,,
7/11/1997 8:28,7/11/1997 6:36,96,37,388,344,6.6,97,not a halo cme,4,TRUE,TRUE,,,
7/13/1997 1:02,7/12/1997 23:13,276,33,347,368,-5.2,272,not a halo cme,5,TRUE,TRUE,,,
7/14/1997 3:17,7/14/1997 0:53,282,10,220,----,------,276,not a halo cme,2,TRUE,FALSE,Only 2 points, Only C2,
7/14/1997 8:51,7/14/1997 7:02,77,82,258,275,-0.8,74,not a halo cme,21,TRUE,TRUE,,,
7/15/1997 3:34,7/15/1997 1:11,84,42,258,368,-13.3,87,not a halo cme,9,TRUE,TRUE,,,
7/16/1997 13:30,7/16/1997 9:52,273,47,201,130,9.6,280,not a halo cme,3,TRUE,TRUE,Only 3 points,,
7/16/1997 16:31,7/16/1997 9:35,69,105,100,103,-0.3,75,not a halo cme,5,TRUE,FALSE,Only C2,,
7/17/1997 3:30,7/16/1997 16:15,272,18,71,38,3.8,274,not a halo cme,4,TRUE,TRUE,,,
7/19/1997 22:41,7/19/1997 18:42,284,66,175,197,-13.7,279,not a halo cme,3,TRUE,FALSE,Only 3 points, Only C2,
7/22/1997 7:12,7/22/1997 7:36,264,64,496,24,25.9,266,not a halo cme,14,TRUE,TRUE,,,
7/23/1997 12:20,7/23/1997 9:51,296,28,281,254,2.8,298,not a halo cme,7,TRUE,TRUE,,,
7/24/1997 4:30,7/24/1997 2:21,291,56,290,290,0,281,not a halo cme,4,TRUE,TRUE,,,
7/24/1997 12:30,7/24/1997 7:41,90,65,144,178,-4.6,86,not a halo cme,4,TRUE,TRUE,,,
7/24/1997 14:00,7/24/1997 11:21,270,36,187,216,-10.7,267,not a halo cme,4,TRUE,FALSE,Only C2,,
7/25/1997 7:31,7/25/1997 6:15,273,45,404,177,23.2,277,not a halo cme,12,TRUE,TRUE,,,
7/25/1997 21:01,7/25/1997 19:35,267,84,611,683,-5.6,290,not a halo cme,15,TRUE,TRUE,,,
7/30/1997 4:45,7/30/1997 0:01,Halo,360,104,90,0.8,269,halo cme,18,TRUE,TRUE,,,
7/30/1997 19:32,7/30/1997 17:59,95,65,530,477,4.9,98,not a halo cme,8,TRUE,TRUE,,,
8/1/1997 2:40,7/31/1997 22:59,97,53,183,172,3.1,92,not a halo cme,4,TRUE,FALSE,Only C2,,
8/2/1997 16:55,8/2/1997 13:34,81,39,218,293,-10.5,85,not a halo cme,6,TRUE,TRUE,,,
8/5/1997 12:20,8/5/1997 11:07,342,4,722,----,------,338,not a halo cme,2,TRUE,FALSE,Only 2 points, Only C2,
8/5/1997 21:37,8/5/1997 21:06,344,4,1029,----,------,342,not a halo cme,2,TRUE,FALSE,Only 2 points, Only C2,
8/6/1997 21:00,8/6/1997 18:13,248,48,268,358,-50.3,245,not a halo cme,3,TRUE,FALSE,Only 3 points, Only C2,
8/7/1997 14:24,8/7/1997 11:15,28,111,142,145,-0.2,40,not a halo cme,16,TRUE,TRUE,,,
8/8/1997 7:53,8/8/1997 6:21,96,69,297,273,2.5,92,not a halo cme,6,TRUE,TRUE,,,
8/8/1997 17:23,8/8/1997 14:51,83,72,268,281,-1.1,82,not a halo cme,6,TRUE,TRUE,,,
8/9/1997 16:25,8/9/1997 13:49,281,32,285,206,6,277,not a halo cme,8,TRUE,TRUE,,,
8/9/1997 22:43,8/9/1997 20:51,90,85,195,165,1.7,87,not a halo cme,13,TRUE,TRUE,,,
8/10/1997 2:40,8/9/1997 22:46,269,80,208,123,4.7,276,not a halo cme,11,TRUE,TRUE,,,
8/12/1997 11:33,8/12/1997 9:57,104,74,218,156,3.3,105,not a halo cme,14,TRUE,TRUE,,,
8/13/1997 8:26,8/13/1997 3:43,273,46,201,163,2.9,271,not a halo cme,9,TRUE,TRUE,,,
8/14/1997 11:48,8/14/1997 7:19,84,43,175,159,1.9,85,not a halo cme,6,TRUE,TRUE,,,
8/16/1997 22:21,8/16/1997 12:38,263,57,67,73,-1.5,261,not a halo cme,6,TRUE,FALSE,Only C2,,
8/20/1997 8:03,8/19/1997 22:58,88,68,107,103,1,79,not a halo cme,4,TRUE,TRUE,,,
8/22/1997 6:45,8/22/1997 5:37,94,103,378,266,5.6,94,not a halo cme,10,TRUE,TRUE,,,
8/23/1997 7:34,8/23/1997 3:16,303,52,171,97,8,294,not a halo cme,4,TRUE,TRUE,,,
8/25/1997 18:08,8/25/1997 15:48,78,71,263,219,5.6,81,not a halo cme,6,TRUE,TRUE,,,
8/26/1997 3:00,8/25/1997 20:03,281,53,126,56,28.6,280,not a halo cme,3,TRUE,FALSE,Only 3 points, Only C2,
8/26/1997 17:29,8/26/1997 14:18,273,57,233,331,-36.3,279,not a halo cme,4,TRUE,TRUE,,,
8/28/1997 16:41,8/28/1997 14:20,99,77,238,306,-5,105,not a halo cme,10,TRUE,TRUE,,,
8/29/1997 5:29,8/29/1997 2:17,254,47,301,255,6.3,255,not a halo cme,7,TRUE,TRUE,,,
8/30/1997 1:30,8/30/1997 0:21,Halo,360,371,291,9.3,67,halo cme,9,TRUE,TRUE,,,
9/8/1997 3:09,9/7/1997 20:18,228,72,115,----,------,243,not a halo cme,5,TRUE,FALSE,Only C2,,
9/9/1997 0:29,9/8/1997 22:58,259,77,342,414,-14.1,264,not a halo cme,6,TRUE,TRUE,,,
9/9/1997 2:41,9/8/1997 23:44,107,92,240,209,6.4,112,not a halo cme,6,TRUE,TRUE,,,
9/9/1997 20:06,9/9/1997 19:11,284,101,726,807,-7.4,303,not a halo cme,7,TRUE,TRUE,,,
9/10/1997 17:13,0000-00-00 00:00:00,110,60,----,----,------,103,not a halo cme,1,TRUE,FALSE,Only 1 points, Only C2, Unable to measure
9/13/1997 11:33,9/13/1997 8:56,87,46,418,579,-35.4,87,not a halo cme,4,TRUE,TRUE,,,
9/13/1997 17:50,9/13/1997 13:58,298,46,170,140,4.1,292,not a halo cme,9,TRUE,TRUE,,,
9/15/1997 9:53,9/15/1997 5:22,253,50,136,----,------,258,not a halo cme,8,TRUE,FALSE,Only C2,,
9/16/1997 4:20,9/16/1997 1:54,78,72,252,223,2.6,75,not a halo cme,10,TRUE,TRUE,,,
9/17/1997 11:34,9/17/1997 10:27,259,68,447,435,2.3,269,not a halo cme,6,TRUE,TRUE,,,
9/17/1997 18:18,9/17/1997 17:25,269,46,613,----,------,270,not a halo cme,2,TRUE,FALSE,Only 2 points, Only C2,
9/18/1997 6:35,9/18/1997 5:08,303,20,374,334,4.4,297,not a halo cme,8,TRUE,TRUE,,,
9/18/1997 18:03,9/18/1997 15:50,267,55,285,418,-48.3,268,not a halo cme,3,TRUE,FALSE,Only 3 points, Only C2,
9/18/1997 20:20,9/18/1997 18:50,275,44,343,----,------,267,not a halo cme,2,TRUE,FALSE,Only 2 points, Only C2,
9/19/1997 1:29,9/18/1997 22:43,265,75,246,402,-21.7,281,not a halo cme,7,TRUE,TRUE,,,
9/19/1997 18:03,9/19/1997 15:57,95,43,282,337,-5.5,91,not a halo cme,9,TRUE,TRUE,,,
9/20/1997 0:44,9/19/1997 23:34,246,39,522,537,-1,247,not a halo cme,8,TRUE,TRUE,,,
9/20/1997 10:20,9/20/1997 9:40,272,97,777,725,5,268,not a halo cme,10,TRUE,TRUE,,,
9/22/1997 7:29,9/22/1997 5:42,255,46,353,236,21.4,251,not a halo cme,6,TRUE,TRUE,,,
9/22/1997 9:26,9/22/1997 7:06,72,84,287,200,31.6,65,not a halo cme,4,TRUE,FALSE,Only C2,,
9/22/1997 12:00,9/22/1997 10:03,90,69,277,285,-0.6,91,not a halo cme,9,TRUE,TRUE,,,
9/23/1997 22:02,9/23/1997 21:31,133,155,712,616,8.2,116,partial halo cme,9,TRUE,TRUE,Partial Halo,,
9/24/1997 3:38,9/24/1997 2:12,137,76,532,376,30.3,117,not a halo cme,5,TRUE,TRUE,,,
9/24/1997 4:20,9/24/1997 1:46,275,41,202,234,-7.9,271,not a halo cme,5,TRUE,FALSE,Only C2,,
9/24/1997 8:06,9/24/1997 5:51,161,53,161,0,8.8,160,not a halo cme,7,TRUE,TRUE,,,
9/27/1997 4:44,9/27/1997 2:57,60,14,277,221,17,63,not a halo cme,6,TRUE,TRUE,,,
9/27/1997 9:09,9/27/1997 7:53,62,23,436,382,7.8,67,not a halo cme,10,TRUE,TRUE,,,
9/27/1997 13:16,9/27/1997 7:34,276,45,80,58,1.4,275,not a halo cme,21,TRUE,TRUE,,,
9/28/1997 1:08,9/27/1997 23:46,Halo,360,359,317,2.8,87,halo cme,17,TRUE,TRUE,,,
9/28/1997 8:40,9/28/1997 7:43,84,60,529,446,5.5,74,not a halo cme,16,TRUE,TRUE,,,
9/28/1997 14:28,9/28/1997 13:34,93,85,579,758,-25.8,71,not a halo cme,8,TRUE,TRUE,,,
9/28/1997 14:50,9/28/1997 9:32,287,46,102,24,22.2,284,not a halo cme,6,TRUE,FALSE,Only C2,,
9/28/1997 15:50,9/28/1997 15:12,257,41,640,501,13.1,266,not a halo cme,12,TRUE,TRUE,,,
9/29/1997 10:18,9/29/1997 8:03,77,44,237,201,19.1,74,not a halo cme,4,TRUE,FALSE,Only C2,,
9/29/1997 15:46,9/29/1997 14:55,75,55,699,597,11.6,74,not a halo cme,10,TRUE,TRUE,,,
9/29/1997 18:30,9/29/1997 17:02,78,99,369,344,2.5,63,not a halo cme,11,TRUE,TRUE,,,
10/1/1997 1:29,9/30/1997 23:46,263,67,502,524,-1.7,249,not a halo cme,9,TRUE,TRUE,,,
10/1/1997 16:27,10/1/1997 13:30,91,20,187,----,------,93,not a halo cme,2,TRUE,FALSE,Only 2 points, Only C2,
10/2/1997 2:04,10/1/1997 23:03,81,40,178,267,-55.7,74,not a halo cme,3,TRUE,FALSE,Only 3 points, Only C2,
10/3/1997 19:35,10/3/1997 19:22,78,76,271,249,2.1,70,not a halo cme,10,TRUE,TRUE,,,
10/5/1997 15:02,10/5/1997 10:43,145,135,111,86,2.2,124,partial halo cme,12,TRUE,FALSE,Only C2, Partial Halo,
10/6/1997 7:55,10/6/1997 5:31,65,44,392,306,69.5,82,not a halo cme,3,TRUE,FALSE,Only 3 points, Only C2,
10/6/1997 10:31,10/6/1997 9:45,273,103,506,450,3.6,260,not a halo cme,13,TRUE,TRUE,,,
10/6/1997 15:28,10/6/1997 14:52,139,174,293,74,15.9,130,partial halo cme,9,TRUE,TRUE,Partial Halo,,
10/7/1997 17:28,10/7/1997 15:41,282,89,305,363,-6.4,271,not a halo cme,7,TRUE,TRUE,,,
10/9/1997 12:52,10/9/1997 10:42,97,80,247,216,6.7,86,not a halo cme,4,TRUE,TRUE,,,
10/10/1997 2:07,10/9/1997 19:54,289,94,85,94,-1.4,297,not a halo cme,10,TRUE,FALSE,Only C2,,
10/10/1997 5:20,10/10/1997 3:21,100,84,308,340,-2.5,90,not a halo cme,13,TRUE,TRUE,,,
10/11/1997 6:26,10/11/1997 0:58,275,78,155,132,0.9,259,not a halo cme,11,TRUE,TRUE,,,
10/11/1997 10:28,10/11/1997 8:44,102,111,328,347,-2.1,92,not a halo cme,7,TRUE,TRUE,,,
10/12/1997 5:35,10/12/1997 4:46,276,105,752,750,0.3,277,not a halo cme,6,TRUE,TRUE,,,
10/12/1997 6:26,10/12/1997 5:53,258,62,779,812,-3.1,252,not a halo cme,7,TRUE,TRUE,,,
10/13/1997 11:51,10/13/1997 10:22,265,94,323,283,2,263,not a halo cme,14,TRUE,TRUE,,,
10/15/1997 6:26,10/15/1997 1:09,278,47,168,150,4.2,273,not a halo cme,3,TRUE,TRUE,Only 3 points,,
10/16/1997 22:29,10/16/1997 22:11,262,83,631,556,5.9,244,not a halo cme,9,TRUE,TRUE,,,
10/19/1997 4:42,10/19/1997 3:01,92,63,373,381,-0.7,104,not a halo cme,10,TRUE,TRUE,,,
10/20/1997 4:18,10/20/1997 3:05,274,90,412,420,-1.3,280,not a halo cme,6,TRUE,TRUE,,,
10/21/1997 1:27,10/21/1997 0:37,108,91,570,560,0.9,117,not a halo cme,16,TRUE,TRUE,,,
10/21/1997 2:05,10/21/1997 0:34,302,136,361,390,-12.9,300,partial halo cme,5,TRUE,FALSE,Only C2, Partial Halo,
10/21/1997 18:03,10/21/1997 17:12,Halo,360,523,552,-2.9,90,halo cme,9,TRUE,TRUE,,,
10/23/1997 5:45,10/23/1997 3:40,315,28,235,204,3.9,310,not a halo cme,11,TRUE,TRUE,,,
10/23/1997 11:26,10/23/1997 11:10,Halo,360,503,443,3.7,305,halo cme,13,TRUE,TRUE,,,
10/23/1997 20:44,10/23/1997 19:46,88,45,540,520,1.4,71,not a halo cme,11,TRUE,TRUE,,,
10/24/1997 21:48,10/24/1997 20:45,82,50,310,100,11.7,84,not a halo cme,14,TRUE,TRUE,,,
10/26/1997 1:02,10/25/1997 22:53,53,9,553,585,-10.2,56,not a halo cme,5,TRUE,TRUE,,,
10/26/1997 3:33,10/26/1997 1:09,283,40,173,234,-52.6,280,not a halo cme,3,TRUE,FALSE,Only 3 points, Only C2,
10/27/1997 11:52,10/27/1997 9:13,292,33,334,301,3.9,290,not a halo cme,4,TRUE,TRUE,,,
10/28/1997 0:18,10/27/1997 20:45,276,63,157,141,7.2,278,not a halo cme,3,TRUE,FALSE,Only 3 points, Only C2,
10/29/1997 1:29,10/28/1997 23:54,58,27,605,641,-4.4,64,not a halo cme,7,TRUE,TRUE,,,
10/29/1997 5:28,10/29/1997 2:14,98,48,274,216,3.9,96,not a halo cme,10,TRUE,TRUE,,,
10/29/1997 18:21,10/29/1997 13:18,88,62,133,135,-0.3,88,not a halo cme,6,TRUE,TRUE,,,
10/31/1997 9:30,10/31/1997 9:13,262,65,631,309,26.2,251,not a halo cme,10,TRUE,TRUE,,,
11/1/1997 20:11,11/1/1997 17:42,271,61,272,382,-23.1,274,not a halo cme,4,TRUE,TRUE,,,
11/2/1997 11:44,11/2/1997 9:03,272,48,291,243,5.8,260,not a halo cme,8,TRUE,TRUE,,,
11/3/1997 5:28,11/3/1997 2:25,240,109,227,216,1.4,233,not a halo cme,7,TRUE,TRUE,,,
11/3/1997 11:11,11/3/1997 9:10,233,122,352,372,-1.5,235,partial halo cme,11,TRUE,TRUE,Partial Halo,,
11/4/1997 4:20,11/4/1997 3:54,104,82,564,353,15.7,120,not a halo cme,12,TRUE,TRUE,,,
11/4/1997 6:10,11/4/1997 5:13,Halo,360,785,1009,-22.1,243,halo cme,8,TRUE,TRUE,,,
11/4/1997 15:50,11/4/1997 13:54,242,5,266,355,-22.9,245,not a halo cme,6,TRUE,TRUE,,,
11/4/1997 16:36,11/4/1997 15:11,234,19,387,359,3,233,not a halo cme,7,TRUE,TRUE,,,
11/5/1997 0:18,11/4/1997 22:42,266,75,275,59,8.2,275,not a halo cme,15,TRUE,TRUE,,,
11/5/1997 4:20,11/5/1997 2:09,264,49,271,340,-14.6,263,not a halo cme,5,TRUE,TRUE,,,
11/5/1997 6:10,11/5/1997 5:00,256,45,342,379,-13.7,258,not a halo cme,4,TRUE,TRUE,,,
11/5/1997 7:29,11/5/1997 5:33,287,40,350,425,-23,279,not a halo cme,5,TRUE,TRUE,,,
11/5/1997 12:10,11/5/1997 11:11,270,52,356,428,-11.8,277,not a halo cme,4,TRUE,TRUE,,,
11/5/1997 12:10,11/5/1997 11:11,302,15,603,601,0.5,300,not a halo cme,4,TRUE,TRUE,,,
11/5/1997 18:44,11/5/1997 16:55,121,3,445,436,1.2,116,not a halo cme,6,TRUE,TRUE,,,
11/6/1997 4:20,11/6/1997 1:52,263,59,307,301,0.7,280,not a halo cme,7,TRUE,TRUE,,,
11/6/1997 12:10,11/6/1997 11:30,Halo,360,1556,1755,-44.1,262,halo cme,5,TRUE,TRUE,,,
11/7/1997 0:43,11/6/1997 23:42,270,52,490,444,16.6,277,not a halo cme,6,TRUE,TRUE,,,
11/7/1997 19:40,11/7/1997 18:47,278,5,513,282,222.5,280,not a halo cme,3,TRUE,FALSE,Only 3 points, Only C2,
11/8/1997 8:59,11/8/1997 7:48,271,76,453,302,76.7,268,not a halo cme,5,TRUE,FALSE,Only C2,,
11/10/1997 12:01,11/10/1997 10:20,257,41,261,95,42,263,not a halo cme,9,TRUE,FALSE,Only C2,,
11/11/1997 17:37,11/11/1997 17:17,52,160,266,66,7.6,80,partial halo cme,17,TRUE,TRUE,Partial Halo,,
11/12/1997 4:33,11/12/1997 1:00,270,83,171,248,-14.8,268,not a halo cme,3,TRUE,FALSE,Only 3 points, Only C2,
11/13/1997 9:23,11/13/1997 6:26,79,69,228,242,-1.7,78,not a halo cme,6,TRUE,TRUE,,,
11/13/1997 18:22,11/13/1997 15:33,268,73,202,289,-16.7,245,not a halo cme,5,TRUE,TRUE,,,
11/13/1997 22:25,11/13/1997 19:57,328,288,546,602,-7.4,310,partial halo cme,5,TRUE,TRUE,Partial Halo,,
11/14/1997 2:15,11/14/1997 0:58,92,44,449,221,35.2,83,not a halo cme,6,TRUE,TRUE,,,
11/14/1997 10:14,11/14/1997 9:42,79,86,1042,758,41.7,67,not a halo cme,6,TRUE,TRUE,,,
11/14/1997 13:36,11/14/1997 12:07,320,217,702,967,-30.6,312,partial halo cme,8,TRUE,TRUE,Partial Halo,,
11/15/1997 15:27,11/15/1997 12:12,261,87,187,207,-2.2,274,not a halo cme,2,TRUE,FALSE,,,
11/15/1997 15:27,11/15/1997 12:12,285,20,157,----,------,283,not a halo cme,2,TRUE,FALSE,Only 2 points, Only C2,
11/15/1997 23:27,11/15/1997 22:14,85,77,635,572,4.8,75,not a halo cme,7,TRUE,TRUE,,,
11/17/1997 8:27,11/17/1997 7:13,Halo,360,611,743,-14.5,164,halo cme,7,TRUE,TRUE,,,
11/17/1997 19:30,11/17/1997 17:11,275,74,242,202,5.9,274,not a halo cme,9,TRUE,TRUE,,,
11/18/1997 8:27,11/18/1997 7:48,272,75,444,362,5.2,286,not a halo cme,11,TRUE,TRUE,,,
11/19/1997 12:27,11/19/1997 7:22,Halo,360,150,166,-5.1,280,halo cme,3,TRUE,FALSE,Only 3 points, Only C2,
11/22/1997 16:30,11/22/1997 13:37,103,69,249,306,-4.9,103,not a halo cme,5,TRUE,TRUE,,,
11/23/1997 5:43,11/22/1997 21:04,280,70,81,85,-0.3,268,not a halo cme,5,TRUE,TRUE,,,
11/23/1997 7:38,11/23/1997 6:42,61,17,616,1015,-184.7,67,not a halo cme,3,TRUE,TRUE,Only 3 points,,
11/23/1997 17:04,11/23/1997 15:43,62,19,549,466,12,72,not a halo cme,4,TRUE,TRUE,,,
11/24/1997 13:37,11/24/1997 12:18,275,29,570,575,-0.7,281,not a halo cme,8,TRUE,TRUE,,,
11/24/1997 15:06,11/24/1997 13:45,69,19,559,710,-13.2,71,not a halo cme,9,TRUE,TRUE,,,
11/25/1997 3:55,11/25/1997 2:41,67,59,729,853,-19.2,79,not a halo cme,4,TRUE,TRUE,,,
11/25/1997 20:23,11/25/1997 19:12,79,51,931,979,-14.4,79,not a halo cme,4,TRUE,TRUE,,,
11/26/1997 3:27,11/26/1997 0:16,91,63,175,186,-0.9,82,not a halo cme,9,TRUE,TRUE,,,
11/27/1997 11:55,11/27/1997 10:00,87,89,339,375,-2.2,82,not a halo cme,8,TRUE,TRUE,,,
11/27/1997 13:56,11/27/1997 12:17,98,91,441,494,-4,113,not a halo cme,9,TRUE,TRUE,,,
11/28/1997 13:55,11/28/1997 10:06,270,73,255,271,-1.2,267,not a halo cme,6,TRUE,TRUE,,,
12/2/1997 16:43,12/2/1997 12:29,77,32,155,162,-0.6,87,not a halo cme,5,TRUE,TRUE,,,
12/2/1997 23:27,12/2/1997 20:50,81,62,258,229,4.1,83,not a halo cme,6,TRUE,TRUE,,,
12/5/1997 8:27,12/5/1997 7:54,275,98,414,271,8.1,278,not a halo cme,16,TRUE,TRUE,,,
12/6/1997 10:27,12/6/1997 10:39,317,223,397,243,9,296,partial halo cme,16,TRUE,TRUE,Partial Halo,,
12/9/1997 12:27,12/9/1997 10:46,253,66,333,469,-12.5,248,not a halo cme,5,TRUE,TRUE,,,
12/10/1997 18:38,12/10/1997 16:29,283,62,337,248,39.2,290,not a halo cme,3,TRUE,FALSE,Only 3 points, Only C2,
12/11/1997 7:27,12/11/1997 5:44,88,51,201,131,3.3,93,not a halo cme,10,TRUE,TRUE,,,
12/11/1997 19:57,12/11/1997 16:35,46,34,231,344,-39.5,52,not a halo cme,3,TRUE,TRUE,Only 3 points,,
12/12/1997 1:27,12/11/1997 22:36,291,80,211,241,-2.8,268,not a halo cme,7,TRUE,TRUE,,,
12/12/1997 7:27,12/12/1997 5:22,273,87,199,175,3.6,268,not a halo cme,5,TRUE,FALSE,Only C2,,
12/13/1997 0:26,12/12/1997 20:34,278,73,191,----,------,283,not a halo cme,2,TRUE,FALSE,Only 2 points, Only C2,
12/13/1997 15:22,12/13/1997 12:57,296,32,238,----,------,285,not a halo cme,2,TRUE,FALSE,Only 2 points, Only C2,
12/14/1997 2:03,12/13/1997 21:08,93,72,508,372,9.5,103,not a halo cme,7,TRUE,TRUE,,,
12/14/1997 2:03,12/13/1997 21:08,280,81,259,250,0.4,293,not a halo cme,7,TRUE,TRUE,,,
12/15/1997 11:27,12/15/1997 6:09,93,53,159,61,39.1,90,not a halo cme,4,TRUE,FALSE,Only C2,,
12/15/1997 17:27,12/15/1997 14:24,280,32,246,255,-1.1,281,not a halo cme,7,TRUE,TRUE,,,
12/17/1997 21:32,12/17/1997 18:27,219,36,162,138,1.6,223,not a halo cme,8,TRUE,TRUE,,,
12/18/1997 11:46,12/18/1997 9:04,270,34,241,245,-0.6,273,not a halo cme,6,TRUE,TRUE,,,
12/20/1997 22:13,12/20/1997 16:16,8,137,195,188,0.9,3,partial halo cme,4,TRUE,TRUE,Partial Halo,,
12/21/1997 14:48,12/21/1997 10:04,70,38,143,103,1.6,76,not a halo cme,14,TRUE,TRUE,,,
12/21/1997 20:10,12/21/1997 13:41,281,77,126,91,1.7,296,not a halo cme,13,TRUE,TRUE,,,
12/23/1997 21:18,12/23/1997 19:26,234,98,261,355,-29.3,237,not a halo cme,8,TRUE,TRUE,,,
12/26/1997 2:31,12/26/1997 0:16,186,230,197,124,5.5,106,partial halo cme,18,TRUE,TRUE,Partial Halo,,
12/27/1997 0:33,12/26/1997 22:02,279,63,231,192,4.1,272,not a halo cme,11,TRUE,TRUE,,,
12/27/1997 0:55,12/26/1997 22:51,89,46,242,235,1.4,81,not a halo cme,9,TRUE,TRUE,,,
12/28/1997 19:54,12/28/1997 18:29,91,60,530,338,35.1,106,not a halo cme,6,TRUE,TRUE,,,
12/29/1997 12:04,12/29/1997 10:47,273,62,411,372,7,293,not a halo cme,8,TRUE,TRUE,,,
12/30/1997 5:10,12/30/1997 4:10,257,73,561,720,-31.8,245,not a halo cme,7,TRUE,TRUE,,,
12/30/1997 7:08,12/30/1997 5:44,85,56,443,481,-7.1,83,not a halo cme,7,TRUE,TRUE,,,
1/1/1998 15:19,1/1/1998 13:48,280,15,361,497,-24.6,272,not a halo cme,4,TRUE,TRUE,,,
1/2/1998 4:37,1/2/1998 3:31,272,42,481,501,-3.2,280,not a halo cme,8,TRUE,TRUE,,,
1/2/1998 9:14,1/2/1998 7:04,269,6,244,289,-25.3,265,not a halo cme,4,TRUE,FALSE,Only C2,,
1/2/1998 14:30,1/2/1998 13:31,258,45,518,457,11.2,261,not a halo cme,6,TRUE,TRUE,,,
1/2/1998 23:28,1/2/1998 23:48,Halo,360,438,337,6.5,275,halo cme,11,TRUE,TRUE,,,
1/3/1998 9:42,1/3/1998 9:13,290,85,1020,896,21.8,313,not a halo cme,5,TRUE,TRUE,,,
1/4/1998 2:57,1/3/1998 17:53,352,59,47,12,1.5,351,not a halo cme,24,TRUE,FALSE,Only C2,,
1/4/1998 18:29,1/4/1998 16:57,97,18,350,----,------,94,not a halo cme,2,TRUE,FALSE,Only 2 points, Only C2,
1/4/1998 20:57,1/4/1998 19:10,72,43,198,38,5.7,67,not a halo cme,16,TRUE,TRUE,,,
